video,b_roll_number,start_time,start_seconds,duration_seconds,asset_id,clip_type,source,spoken_anchor
Akshi Tarpan_1080p.mp4,1,00:03,3.00,1.8,B002,Eyes tired from screen use,Stock,"रहा है, धुंधला दिखाई देता है, screen"
Akshi Tarpan_1080p.mp4,2,00:09,9.00,1.8,B003,Dry or red eye close-up,Stock,"eyes, जलन, लालिमा, मोतियाबिंद, glaucoma और night"
Akshi Tarpan_1080p.mp4,3,00:15,15.00,1.8,B004,Eye diagnostic equipment,Stock,कर रही है तो सावधान हो जाइए।
Akshi Tarpan_1080p.mp4,4,00:21,21.00,1.8,B007,Doctor and patient consultation,Stock,हमेशा के लिए जा सकती है। ऐसी
Akshi Tarpan_1080p.mp4,5,00:27,27.00,1.8,B001,Optometrist eye test,Stock,की guarantee कम और side effects का
Akshi Tarpan_1080p.mp4,6,00:33,33.00,1.8,B006,Ayurvedic oils and herbs,Stock,और प्राकृतिक समाधान है। अक्षी तर्पण therapy।
Akshi Tarpan_1080p.mp4,7,00:39,39.00,1.8,B005,Actual Akshi Tarpan procedure,Original,नहीं बल्कि आंखों की सबसे गहरी अंदरूनी
Akshi Tarpan_1080p.mp4,8,00:45,45.00,1.8,B005,Actual Akshi Tarpan procedure,Original,किसी surgery या risk के आपकी आंखों
Akshi Tarpan_1080p.mp4,9,00:51,51.00,1.8,B008,Arun Sharma testimonial segment,Original,आप सोचेंगे कि क्या सच में ऐसा
Akshi Tarpan_1080p.mp4,10,00:57,57.00,1.8,B007,Doctor and patient consultation,Stock,Media Federation के National President अरुण शर्मा
Akshi Tarpan_1080p.mp4,11,01:03,63.00,1.8,B008,Arun Sharma testimonial segment,Original,जहां बड़े-बड़े doctor हाथ खड़े कर देते
Akshi Tarpan_1080p.mp4,12,01:09,69.00,1.8,B005,Actual Akshi Tarpan procedure,Original,असरदार नतीजे दिखाता है। तो operation कराने
Akshi Tarpan_1080p.mp4,13,01:15,75.00,1.8,B009,Clinic reception or phone booking,Stock,"इसका कोई भी side effect नहीं है,"
Akshi Tarpan_1080p.mp4,14,01:21,81.00,1.8,B033,Generic hospital interior,Stock,कीजिए। देशभर में हमारे 120 से भी
Akshi Tarpan_1080p.mp4,15,01:27,87.00,1.8,B009,Clinic reception or phone booking,Stock,अपने नजदीकी center पर जाइए या screen
Akshi Tarpan_1080p.mp4,16,01:33,93.00,1.8,B009,Clinic reception or phone booking,Stock,अक्षी तर्पण session book करें।
Avatar Video_1080p (4).mp4,1,00:03,3.00,1.8,B010,Couple planning pregnancy,Stock,रहे हैं तो सिर्फ pregnancy के बारे
Avatar Video_1080p (4).mp4,2,00:09,9.00,1.8,B016,Family wellness scene,Stock,बच्चा plan कीजिए और इसकी तैयारी सिर्फ
Avatar Video_1080p (4).mp4,3,00:15,15.00,1.8,B013,Dr. Maa kit packshot,Original,होनी चाहिए। इसी pre-pregnancy preparation के लिए
Avatar Video_1080p (4).mp4,4,00:21,21.00,1.8,B011,Woman wellness routine,Stock,"के लिए। Dr. Maa kit women's wellness,"
Avatar Video_1080p (4).mp4,5,00:27,27.00,1.8,B014,Dr. Pa kit packshot,Original,करती है। जबकि Dr. Pa kit पुरुषों
Avatar Video_1080p (4).mp4,6,00:33,33.00,1.8,B012,Man wellness routine,Stock,support करती है। हर kit एक महीने
Avatar Video_1080p (4).mp4,7,00:39,39.00,1.8,B015,Three-month calendar,Stock,से करीब तीन महीने पहले doctor की
Avatar Video_1080p (4).mp4,8,00:45,45.00,1.8,B013,Dr. Maa kit packshot,Original,"बच्चा नहीं, स्वस्थ बच्चा plan कीजिए। Dr."
Avatar Video_1080p (4).mp4,9,00:51,51.00,1.8,B014,Dr. Pa kit packshot,Original,की तैयारी एक बेहतर शुरुआत के लिए।
Avatar Video_1080p (5).mp4,1,00:03,3.00,1.8,B017,Group meditation camp,Stock,"अपने शरीर, मन और जीवन में बदलाव"
Avatar Video_1080p (5).mp4,2,00:09,9.00,1.8,B019,Health habit journal,Stock,चाहते हैं तो हमारे चार दिन के
Avatar Video_1080p (6).mp4,1,00:03,3.00,1.8,B033,Generic hospital interior,Stock,healthcare सिर्फ बीमारी होने के बाद शुरू
Avatar Video_1080p (6).mp4,2,00:09,9.00,1.8,B020,Preventive check-up,Stock,वह है जो बीमारी आने से पहले
Avatar Video_1080p (6).mp4,3,00:15,15.00,1.8,B021,Nutritious Indian meal,Stock,"क्या खाते हैं, कब सोते हैं, कैसे"
Avatar Video_1080p (6).mp4,4,00:21,21.00,1.8,B022,Restful sleep,Stock,health का हिस्सा है। सिर्फ report normal
Avatar Video_1080p (6).mp4,5,00:27,27.00,1.8,B023,Work stress,Stock,"है। Prevention, personalized care, gut health, sleep,"
Avatar Video_1080p (6).mp4,6,00:33,33.00,1.8,B024,Generic lab report,Stock,"अब आयुर्वेद को सिर्फ मानने की नहीं,"
Avatar Video_1080p (6).mp4,7,00:39,39.00,1.8,B025,Clinical research team,Stock,और innovation के साथ आगे बढ़ाने की
Avatar Video_1080p (6).mp4,8,00:45,45.00,1.8,B025,Clinical research team,Stock,उसे evidence के साथ दुनिया के सामने
Avatar Video_1080p (6).mp4,9,00:51,51.00,1.8,B027,Care team discussing case,Stock,है। जरूरत है यह समझने की कि
Avatar Video_1080p (6).mp4,10,00:57,57.00,1.8,B026,Ayurveda practitioner and herbs,Stock,"मैं हमेशा कहता हूँ, prevention is the"
Avatar Video_1080p (6).mp4,11,01:03,63.00,1.8,B020,Preventive check-up,Stock,"""स्वस्थस्य स्वास्थ्य रक्षणम्"" यानी जो स्वस्थ है,"
Avatar Video_1080p (6).mp4,12,01:09,69.00,1.8,B071,Ayurveda classical text,Stock,"व्यक्ति स्वस्थ होगा तो परिवार स्वस्थ होगा,"
Avatar Video_1080p (6).mp4,13,01:15,75.00,1.8,B016,Family wellness scene,Stock,"भविष्य बनाएगा। यही one health, one future"
Avatar Video_1080p (6).mp4,14,01:21,81.00,1.8,B025,Clinical research team,Stock,"कीजिए। आयुर्वेद को अपनाइए, समझिए, research से"
Avatar Video_1080p (6).mp4,15,01:27,87.00,1.8,B026,Ayurveda practitioner and herbs,Stock,मजबूत बनाइए। Ayurveda for a healthier tomorrow.
Avatar Video_1080p (7).mp4,1,00:03,3.00,1.8,B033,Generic hospital interior,Stock,सिर्फ बीमारी होने के बाद शुरू होगा
Avatar Video_1080p (7).mp4,2,00:09,9.00,1.8,B020,Preventive check-up,Stock,वह है जो बीमारी आने से पहले
Avatar Video_1080p (7).mp4,3,00:15,15.00,1.8,B021,Nutritious Indian meal,Stock,"आप क्या खाते हैं, कब सोते हैं,"
Avatar Video_1080p (7).mp4,4,00:21,21.00,1.8,B022,Restful sleep,Stock,"कितना है, यह सब health का हिस्सा"
Avatar Video_1080p (7).mp4,5,00:27,27.00,1.8,B023,Work stress,Stock,भी इसी दिशा में जा रही है।
Avatar Video_1080p (7).mp4,6,00:33,33.00,1.8,B024,Generic lab report,Stock,"health, sleep, mental wellbeing और lifestyle। अब"
Avatar Video_1080p (7).mp4,7,00:39,39.00,1.8,B025,Clinical research team,Stock,"की, evidence से मजबूत करने की और"
Avatar Video_1080p (7).mp4,8,00:45,45.00,1.8,B025,Clinical research team,Stock,"बहुत सीधी है, जो चीज काम करती"
Avatar Video_1080p (7).mp4,9,00:51,51.00,1.8,B027,Care team discussing case,Stock,modern science को लड़ाने की जरूरत नहीं
Avatar Video_1080p (7).mp4,10,00:57,57.00,1.8,B026,Ayurveda practitioner and herbs,Stock,के स्वास्थ्य को और बेहतर कैसे कर
Avatar Video_1080p (7).mp4,11,01:03,63.00,1.8,B020,Preventive check-up,Stock,the only cure और आयुर्वेद भी यही
Avatar Video_1080p (7).mp4,12,01:09,69.00,1.8,B071,Ayurveda classical text,Stock,जो स्वस्थ है पहले उसके स्वास्थ्य की
Avatar Video_1080p (7).mp4,13,01:15,75.00,1.8,B016,Family wellness scene,Stock,परिवार स्वस्थ होगा। परिवार स्वस्थ होगा तो
Avatar Video_1080p (7).mp4,14,01:21,81.00,1.8,B025,Clinical research team,Stock,"भविष्य बनाएगा। यही one health, one future"
Avatar Video_1080p (7).mp4,15,01:27,87.00,1.8,B026,Ayurveda practitioner and herbs,Stock,"बात मत कीजिए। आयुर्वेद को अपनाइए, समझिए,"
Avatar Video_1080p (7).mp4,16,01:33,93.00,1.8,B016,Family wellness scene,Stock,आने वाली पीढ़ियों के लिए मजबूत बनाइए।
Avatar Video_1080p (8).mp4,1,00:03,3.00,1.8,B007,Doctor and patient consultation,Stock,ने कहा दिनचर्या और खान-पान ये तो
Avatar Video_1080p (8).mp4,2,00:09,9.00,1.8,B021,Nutritious Indian meal,Stock,Zee News के कार्यक्रम में जब मशहूर
Avatar Video_1080p (8).mp4,3,00:15,15.00,1.8,B035,Original S. K. Sarin TV segment,Original,से स्वस्थ जीवन के लिए सही खान-पान
Avatar Video_1080p (8).mp4,4,00:21,21.00,1.8,B028,Webinar on laptop,Stock,आचार्य जी का नाम लिया। आखिर doctor
Avatar Video_1080p (8).mp4,5,00:27,27.00,1.8,B026,Ayurveda practitioner and herbs,Stock,क्या कहा? आप भी सुनिए। यह पल
Avatar Video_1080p (8).mp4,6,00:33,33.00,1.8,B035,Original S. K. Sarin TV segment,Original,बड़े विशेषज्ञ भी आयुर्वेद और आचार्य जी
Avatar Video_1080p (9).mp4,1,00:03,3.00,1.8,B029,Knee and back discomfort,Stock,दो। सबके काम आने वाली है। आज
Avatar Video_1080p (9).mp4,2,00:09,9.00,1.8,B028,Webinar on laptop,Stock,"जिनके घुटने दर्द है, कमर दर्द है,"
Avatar Video_1080p (9).mp4,3,00:15,15.00,1.8,B030,Kidney and liver anatomy visual,Stock,आज ही जिनको भी kidney की तकलीफ
Avatar Video_1080p (9).mp4,4,00:21,21.00,1.8,B028,Webinar on laptop,Stock,"है, liver cirrhosis है। ये दो webinar"
Avatar Video_1080p (9).mp4,5,00:27,27.00,1.8,B030,Kidney and liver anatomy visual,Stock,को 11:00 बजे cancer के ऊपर webinar
Avatar Video_1080p (9).mp4,6,00:33,33.00,1.8,B031,Blood pressure or glucose check,Stock,"बजे BP, sugar, heart की बीमारियां और"
Avatar Video_1080p (9).mp4,7,00:39,39.00,1.8,B028,Webinar on laptop,Stock,मेरे doctors की team के साथ webinar
Avatar Video_1080p (9).mp4,8,00:45,45.00,1.8,B028,Webinar on laptop,Stock,और subscribe करें। वहां link पड़े हैं
Avatar Video_1080p (9).mp4,9,00:51,51.00,1.8,B032,Real event schedule or flyer,Original,"Facebook page, YouTube page page और Insta"
Avatar Video_1080p (9).mp4,10,00:57,57.00,1.8,B032,Real event schedule or flyer,Original,मेरे doctors का camp है मेरे साथ
Avatar Video_1080p (9).mp4,11,01:03,63.00,1.8,B032,Real event schedule or flyer,Original,मिलेंगे हैदराबाद में। 22 तारीख को हम
Avatar Video_1080p (9).mp4,12,01:09,69.00,1.8,B033,Generic hospital interior,Stock,हैं पहुंचे। हैदराबाद के आसपास जितने भी
Avatar Video_1080p (9).mp4,13,01:15,75.00,1.8,B032,Real event schedule or flyer,Original,में जानकारी एकत्र करें और 23 तारीख
Avatar Video_1080p (9).mp4,14,01:21,81.00,1.8,B027,Care team discussing case,Stock,मेरा schedule है 18 तारीख से लेकर
Avatar Video_1080p (9).mp4,15,01:27,87.00,1.8,B033,Generic hospital interior,Stock,है पूरे भारत को स्वस्थ बनाने का
Avatar Video_1080p (9).mp4,16,01:33,93.00,1.8,B033,Generic hospital interior,Stock,हमने अपने 40 हॉस्पिटल में day care
Avatar Video_1080p (9).mp4,17,01:39,99.00,1.8,B034,Verified fee or insurance graphic,Original,का rate ₹3300 से लेकर ₹6000 तक
Avatar Video_1080p (9).mp4,18,01:45,105.00,1.8,B034,Verified fee or insurance graphic,Original,"में जुड़ें, camp पर जुड़ें और नीचे"
Avatar Video_1080p (9).mp4,19,01:51,111.00,1.8,B009,Clinic reception or phone booking,Stock,"में health insurance चलते हैं, कहां CGHS"
Avatar Video_1080p (9).mp4,20,01:57,117.00,1.8,B059,Authentic Panchakarma procedure,Original,का इलाज free होगा। Health insurance है
Avatar Video_1080p (9).mp4,21,02:03,123.00,1.8,B059,Authentic Panchakarma procedure,Original,card है या BPL card है तो
Avatar Video_1080p (9).mp4,22,02:09,129.00,1.8,B060,Acupuncture session,Stock,critical disease और ₹4200 में critical disease
Avatar Video_1080p (9).mp4,23,02:15,135.00,1.8,B028,Webinar on laptop,Stock,₹6000 तक लोगों की मदद करने के
Avatar Video_1080p (9).mp4,24,02:21,141.00,1.8,B009,Clinic reception or phone booking,Stock,लेकर आए हैं। धन्यवाद। जुड़ें मेरे webinars
Ayurveda Day_1080p.mp4,1,00:03,3.00,1.8,B033,Generic hospital interior,Stock,बीमारी होने के बाद शुरू होगा तो
Ayurveda Day_1080p.mp4,2,00:09,9.00,1.8,B020,Preventive check-up,Stock,जो बीमारी आने से पहले ही हमारे
Ayurveda Day_1080p.mp4,3,00:15,15.00,1.8,B021,Nutritious Indian meal,Stock,"है। आप क्या खाते हैं, कब सोते"
Ayurveda Day_1080p.mp4,4,00:21,21.00,1.8,B022,Restful sleep,Stock,"कितना है, यह सब health का हिस्सा"
Ayurveda Day_1080p.mp4,5,00:27,27.00,1.8,B023,Work stress,Stock,आज दुनिया भी इसी दिशा में जा
Ayurveda Day_1080p.mp4,6,00:33,33.00,1.8,B024,Generic lab report,Stock,"health, sleep, mental well-being और lifestyle। अब"
Ayurveda Day_1080p.mp4,7,00:39,39.00,1.8,B025,Clinical research team,Stock,"साबित करने की, evidence से मजबूत करने"
Ayurveda Day_1080p.mp4,8,00:45,45.00,1.8,B025,Clinical research team,Stock,है। क्योंकि बात बहुत सीधी है। जो
Ayurveda Day_1080p.mp4,9,00:51,51.00,1.8,B027,Care team discussing case,Stock,आना चाहिए। आयुर्वेद और modern science को
Ayurveda Day_1080p.mp4,10,00:57,57.00,1.8,B026,Ayurveda practitioner and herbs,Stock,यह समझने की कि दोनों मिलकर इंसान
Ayurveda Day_1080p.mp4,11,01:03,63.00,1.8,B020,Preventive check-up,Stock,मैं हमेशा कहता हूँ prevention is the
Ayurveda Day_1080p.mp4,12,01:09,69.00,1.8,B071,Ayurveda classical text,Stock,"है। ""स्वस्थस्य स्वास्थ्य रक्षणम्"" यानी जो स्वस्थ"
Ayurveda Day_1080p.mp4,13,01:15,75.00,1.8,B016,Family wellness scene,Stock,रक्षा करो। क्योंकि अगर व्यक्ति स्वस्थ होगा
Ayurveda Day_1080p.mp4,14,01:21,81.00,1.8,B025,Clinical research team,Stock,समाज स्वस्थ होगा और स्वस्थ समाज ही
Ayurveda Day_1080p.mp4,15,01:27,87.00,1.8,B026,Ayurveda practitioner and herbs,Stock,future है। इस आयुर्वेद day पर सिर्फ
Ayurveda Day_1080p.mp4,16,01:33,93.00,1.8,B016,Family wellness scene,Stock,"अपनाइए, समझिए, research से जोड़िए और आने"
Ayurveda Day_1080p.mp4,17,01:39,99.00,1.8,B019,Health habit journal,Stock,आयुर्वेद for a healthier tomorrow.
bagula_1080p (1).mp4,1,00:03,3.00,1.8,B036,Heron hunting at a river,Stock,मजबूत जंगली बगुला भूख से मर गया।
bagula_1080p (1).mp4,2,00:09,9.00,1.8,B037,Fish swimming in river,Stock,रही थीं। फिर भी उसने एक भी
bagula_1080p (1).mp4,3,00:15,15.00,1.8,B038,Fisherman with net,Stock,एक बूढ़ा मछुआरा रोज मछली पकड़ने के
bagula_1080p (1).mp4,4,00:21,21.00,1.8,B041,Food handed to someone,Stock,देता था। बगुला नीचे उतरता और बिना
bagula_1080p (1).mp4,5,00:27,27.00,1.8,B039,Heron waiting on river rock,Stock,करने की जरूरत ही महसूस नहीं हुई।
bagula_1080p (1).mp4,6,00:33,33.00,1.8,B039,Heron waiting on river rock,Stock,सुबह उसी चट्टान पर बैठकर मछुआरे का
bagula_1080p (1).mp4,7,00:39,39.00,1.8,B041,Food handed to someone,Stock,खाना खाकर उसका शरीर भारी और सुस्त
bagula_1080p (1).mp4,8,00:45,45.00,1.8,B040,Cold or quiet river,Stock,आदत लगभग खत्म हो गई। फिर सर्दी
bagula_1080p (1).mp4,9,00:51,51.00,1.8,B037,Fish swimming in river,Stock,जाल समेटकर गांव लौट गया और फिर
bagula_1080p (1).mp4,10,00:57,57.00,1.8,B039,Heron waiting on river rock,Stock,खड़ा अपने पैरों के पास तैरती मछलियों
bagula_1080p (1).mp4,11,01:03,63.00,1.8,B039,Heron waiting on river rock,Stock,बस आसमान की तरफ मुंह खोले खड़ा
bagula_1080p (1).mp4,12,01:09,69.00,1.8,B040,Cold or quiet river,Stock,खिलाने आएगा। आखिरकार वह ठंडे पानी में
bagula_1080p (1).mp4,13,01:15,75.00,1.8,B041,Food handed to someone,Stock,में इसे गैलम effect कहा जाता है।
bagula_1080p (1).mp4,14,01:21,81.00,1.8,B044,Self-reliant effort,Stock,यह एक बेहद खतरनाक और आरामदायक जाल
bagula_1080p (1).mp4,15,01:27,87.00,1.8,B019,Health habit journal,Stock,घूमने वाले gear की तरह होती हैं।
bagula_1080p (1).mp4,16,01:33,93.00,1.8,B042,Endless short video scrolling,Stock,आराम का स्वाद चख लेते हैं तो
bagula_1080p (1).mp4,17,01:39,99.00,1.8,B043,Focused book reading,Stock,लोग हर दिन mobile पर छोटी-छोटी reels
bagula_1080p (1).mp4,18,01:45,105.00,1.8,B041,Food handed to someone,Stock,वे अक्सर लंबे समय तक किसी गहरी
bagula_1080p (1).mp4,19,01:51,111.00,1.8,B044,Self-reliant effort,Stock,के सहारे जीने के आदी हो जाते
bagula_1080p (1).mp4,20,01:57,117.00,1.8,B052,Cooperation and help,Stock,से लड़ने का साहस खो देते हैं।
bagula_1080p (1).mp4,21,02:03,123.00,1.8,B044,Self-reliant effort,Stock,छिपा हुआ जाल भी हो सकता है।
bagula_1080p (1).mp4,22,02:09,129.00,1.8,B043,Focused book reading,Stock,जिस दिन सहारा देने वाला हाथ पीछे
Bagula_1080p.mp4,1,00:03,3.00,1.8,B036,Heron hunting at a river,Stock,से मर गया। हैरानी की बात यह
Bagula_1080p.mp4,2,00:09,9.00,1.8,B037,Fish swimming in river,Stock,उसने एक भी मछली पकड़ने की कोशिश
Bagula_1080p.mp4,3,00:15,15.00,1.8,B041,Food handed to someone,Stock,हुआ मांस और अंतड़ियां उसी चट्टान पर
Bagula_1080p.mp4,4,00:21,21.00,1.8,B039,Heron waiting on river rock,Stock,लेता। धीरे-धीरे उसे शिकार करने की जरूरत
Bagula_1080p.mp4,5,00:27,27.00,1.8,B039,Heron waiting on river rock,Stock,हर सुबह उसी चट्टान पर बैठकर मछुआरे
Bagula_1080p.mp4,6,00:33,33.00,1.8,B040,Cold or quiet river,Stock,खाना खाकर उसका शरीर भारी और सुस्त
Bagula_1080p.mp4,7,00:39,39.00,1.8,B037,Fish swimming in river,Stock,आदत लगभग खत्म हो गई। एक दिन
Bagula_1080p.mp4,8,00:45,45.00,1.8,B039,Heron waiting on river rock,Stock,फिर कभी वापस नहीं आया। भूख से
Bagula_1080p.mp4,9,00:51,51.00,1.8,B040,Cold or quiet river,Stock,करने की कोशिश तक नहीं की। वह
Bagula_1080p.mp4,10,00:57,57.00,1.8,B044,Self-reliant effort,Stock,आखिरकार वह ठंडे पानी में गिर पड़ा
Bagula_1080p.mp4,11,01:03,63.00,1.8,B041,Food handed to someone,Stock,इसे इंसानी लालच और इच्छाओं पर लागू
Bagula_1080p.mp4,12,01:09,69.00,1.8,B042,Endless short video scrolling,Stock,की इच्छाएं एकतरफा घूमने वाले गेर की
Bagula_1080p.mp4,13,01:15,75.00,1.8,B042,Endless short video scrolling,Stock,मिलने वाले आराम का स्वाद चख लेते
Bagula_1080p.mp4,14,01:21,81.00,1.8,B043,Focused book reading,Stock,पर छोटी-छोटी reels देखकर तुरंत मिलने वाले
Bagula_1080p.mp4,15,01:27,87.00,1.8,B044,Self-reliant effort,Stock,का धैर्य खो देते हैं। और जो
Bagula_1080p.mp4,16,01:33,93.00,1.8,B041,Food handed to someone,Stock,होकर दुनिया से लड़ने का साहस खो
Bagula_1080p.mp4,17,01:39,99.00,1.8,B044,Self-reliant effort,Stock,सकता है। इसलिए खुद को संघर्ष और
Bagula_1080p.mp4,18,01:45,105.00,1.8,B044,Self-reliant effort,Stock,"हाथ पीछे हट जाएगा, उस दिन आपको"
Dr maa  Dr Paa _1080p.mp4,1,00:03,3.00,1.8,B010,Couple planning pregnancy,Stock,रहे हैं तो सिर्फ pregnancy के बारे
Dr maa  Dr Paa _1080p.mp4,2,00:09,9.00,1.8,B016,Family wellness scene,Stock,बच्चा plan कीजिए और इसकी तैयारी सिर्फ
Dr maa  Dr Paa _1080p.mp4,3,00:15,15.00,1.8,B013,Dr. Maa kit packshot,Original,चाहिए। इसी pre-pregnancy preparation के लिए हैं
Dr maa  Dr Paa _1080p.mp4,4,00:21,21.00,1.8,B011,Woman wellness routine,Stock,"के लिए। Dr. Maa Kit women's wellness,"
Dr maa  Dr Paa _1080p.mp4,5,00:27,27.00,1.8,B014,Dr. Pa kit packshot,Original,करती है। जबकि Dr. Pa Kit पुरुषों
Dr maa  Dr Paa _1080p.mp4,6,00:33,33.00,1.8,B012,Man wellness routine,Stock,support करती है। हर kit एक महीने
Dr maa  Dr Paa _1080p.mp4,7,00:39,39.00,1.8,B015,Three-month calendar,Stock,से करीब तीन महीने पहले doctor की
Dr maa  Dr Paa _1080p.mp4,8,00:45,45.00,1.8,B013,Dr. Maa kit packshot,Original,"बच्चा नहीं, स्वस्थ बच्चा plan कीजिए। Dr."
Dr maa  Dr Paa _1080p.mp4,9,00:51,51.00,1.8,B014,Dr. Pa kit packshot,Original,की तैयारी एक बेहतर शुरुआत के लिए।
horizontal example.mp4,1,00:03,3.00,1.8,B010,Couple planning pregnancy,Stock,रहे हैं तो सिर्फ pregnancy के बारे
horizontal example.mp4,2,00:09,9.00,1.8,B016,Family wellness scene,Stock,बच्चा plan कीजिए और इसकी तैयारी सिर्फ
horizontal example.mp4,3,00:15,15.00,1.8,B013,Dr. Maa kit packshot,Original,चाहिए। इसी pre-pregnancy preparation के लिए हैं
horizontal example.mp4,4,00:21,21.00,1.8,B011,Woman wellness routine,Stock,"के लिए। Dr. Maa Kit women's wellness,"
horizontal example.mp4,5,00:27,27.00,1.8,B014,Dr. Pa kit packshot,Original,करती है। जबकि Dr. Pa Kit पुरुषों
horizontal example.mp4,6,00:33,33.00,1.8,B012,Man wellness routine,Stock,support करती है। हर kit एक महीने
horizontal example.mp4,7,00:39,39.00,1.8,B015,Three-month calendar,Stock,से करीब तीन महीने पहले doctor की
horizontal example.mp4,8,00:45,45.00,1.8,B013,Dr. Maa kit packshot,Original,"बच्चा नहीं, स्वस्थ बच्चा plan कीजिए। Dr."
horizontal example.mp4,9,00:51,51.00,1.8,B014,Dr. Pa kit packshot,Original,की तैयारी एक बेहतर शुरुआत के लिए।
jungle_1080p.mp4,1,00:03,3.00,1.8,B045,Dense forest canopy,Stock,गहरी खामोशी और उस खामोशी को चीरती
jungle_1080p.mp4,2,00:09,9.00,1.8,B046,Lion walking or roaring,Stock,"रौब था, आंखों में घमंड और दहाड़"
jungle_1080p.mp4,3,00:15,15.00,1.8,B046,Lion walking or roaring,Stock,था। धीरे-धीरे शेर को लगने लगा कि
jungle_1080p.mp4,4,00:21,21.00,1.8,B047,Small bird flying,Stock,बिना इस जंगल की कोई कीमत नहीं।
jungle_1080p.mp4,5,00:27,27.00,1.8,B048,Monkey in forest,Stock,छोटे जानवरों को देखता भी नहीं था।
jungle_1080p.mp4,6,00:33,33.00,1.8,B049,Deer running,Stock,उन्हें कमजोर समझता। हिरण भागते तो वह
jungle_1080p.mp4,7,00:39,39.00,1.8,B050,Forest storm,Stock,एक दिन जंगल का मौसम बदल गया।
jungle_1080p.mp4,8,00:45,45.00,1.8,B050,Forest storm,Stock,हिलने लगे। बिजली चमकी और पूरा जंगल
jungle_1080p.mp4,9,00:51,51.00,1.8,B051,Fallen branch and rocks,Stock,के लिए इधर-उधर भागने लगे। शेर भी
jungle_1080p.mp4,10,00:57,57.00,1.8,B046,Lion walking or roaring,Stock,"भरोसा था, ""मुझे क्या होगा? मैं तो"
jungle_1080p.mp4,11,01:03,63.00,1.8,B051,Fallen branch and rocks,Stock,"टूटकर गिरी। शेर ने छलांग लगानी चाही,"
jungle_1080p.mp4,12,01:09,69.00,1.8,B046,Lion walking or roaring,Stock,गया। पहली बार जंगल के राजा की
jungle_1080p.mp4,13,01:15,75.00,1.8,B046,Lion walking or roaring,Stock,लिए दहाड़ने लगा। लेकिन जिन जानवरों को
jungle_1080p.mp4,14,01:21,81.00,1.8,B047,Small bird flying,Stock,पास नहीं आए। तभी एक छोटी सी
jungle_1080p.mp4,15,01:27,87.00,1.8,B047,Small bird flying,Stock,बुलाया। पक्षियों ने शोर मचाया। बंदरों को
jungle_1080p.mp4,16,01:33,93.00,1.8,B048,Monkey in forest,Stock,हटाने शुरू किए। थोड़ी देर की कोशिश
jungle_1080p.mp4,17,01:39,99.00,1.8,B052,Cooperation and help,Stock,बैठा रह गया। उसकी आंखों में पहली
jungle_1080p.mp4,18,01:45,105.00,1.8,B046,Lion walking or roaring,Stock,चिड़िया को वह कभी गिनता भी नहीं
jungle_1080p.mp4,19,01:51,111.00,1.8,B047,Small bird flying,Stock,"कहा, ""राजा होना गलत नहीं है, लेकिन"
jungle_1080p.mp4,20,01:57,117.00,1.8,B052,Cooperation and help,Stock,"है जो सबकी कीमत समझे।"" उस दिन"
jungle_1080p.mp4,21,02:03,123.00,1.8,B045,Dense forest canopy,Stock,चलता। हर छोटा-बड़ा जीव इस जंगल का
jungle_1080p.mp4,22,02:09,129.00,1.8,B052,Cooperation and help,Stock,"इंसान पैसा, पद, ताकत, अपनी खूबसूरती या"
jungle_1080p.mp4,23,02:15,135.00,1.8,B044,Self-reliant effort,Stock,"लगता है। लेकिन समय कब बदल जाए,"
jungle_1080p.mp4,24,02:21,141.00,1.8,B052,Cooperation and help,Stock,"हो, वही कल आपकी सबसे बड़ी मदद"
jungle_1080p.mp4,25,02:27,147.00,1.8,B045,Dense forest canopy,Stock,इज्जत करो। विनम्र रहो। क्योंकि घमंड इंसान
jungle_1080p.mp4,26,02:33,153.00,1.8,B046,Lion walking or roaring,Stock,को सबका अपना बना देती है। इसलिए
jungle_1080p.mp4,27,02:39,159.00,1.8,B045,Dense forest canopy,Stock,"विनम्र रहो। याद रखिए, ताकत आपको ऊंचा"
jungle_1080p.mp4,28,02:45,165.00,1.8,B045,Dense forest canopy,Stock,"बनाती है। जिंदगी में जितना ऊपर जाओ,"
Kisan_1080p.mp4,1,00:03,3.00,1.8,B053,Farmer in field,Stock,में बहुत सारे छोटे-छोटे गड्ढे किए और
Kisan_1080p.mp4,2,00:09,9.00,1.8,B054,Carrot and dug soil,Stock,"और बंदर से कहा, ""जो गाजर ढूंढेगा"
Kisan_1080p.mp4,3,00:15,15.00,1.8,B055,Rabbit hopping or digging,Stock,कहीं ना कहीं तो होगी और वह
Kisan_1080p.mp4,4,00:21,21.00,1.8,B054,Carrot and dug soil,Stock,आलसी था। उसने इतने सारे गड्ढे देखे
Kisan_1080p.mp4,5,00:27,27.00,1.8,B048,Monkey in forest,Stock,गया। खरगोश मेहनत करता रहा। उसने लगभग
Kisan_1080p.mp4,6,00:33,33.00,1.8,B055,Rabbit hopping or digging,Stock,नहीं मानी। आखिर में सिर्फ वही गड्ढा
Kisan_1080p.mp4,7,00:39,39.00,1.8,B056,Carrot pulled from soil,Stock,"बंदर हटा, खरगोश ने गड्ढा खोदा और"
Kisan_1080p.mp4,8,00:45,45.00,1.8,B056,Carrot pulled from soil,Stock,"वह impossible समझ रहा था, वह तो"
Kisan_1080p.mp4,9,00:51,51.00,1.8,B044,Self-reliant effort,Stock,सकती थी। जिंदगी में सबसे बड़ी हार
Kisan_1080p.mp4,10,00:57,57.00,1.8,B055,Rabbit hopping or digging,Stock,बस एक कदम दूर हो। इसलिए खुद
Kisan_1080p.mp4,11,01:01,61.48,1.8,B044,Self-reliant effort,Stock,मिलती है जो आखिरी तक डटे रहते
mehkar buldhana_1080p.mp4,1,00:03,3.00,1.8,B033,Generic hospital interior,Stock,"Liver failure, High blood pressure, Obesity या"
mehkar buldhana_1080p.mp4,2,00:09,9.00,1.8,B030,Kidney and liver anatomy visual,Stock,से परेशान हैं तो आम जनता के
mehkar buldhana_1080p.mp4,3,00:15,15.00,1.8,B057,Actual Mehkar HIMS exterior,Original,"no loss जीना सीखो, HIMS Hospital शुरू"
mehkar buldhana_1080p.mp4,4,00:21,21.00,1.8,B018,Yoga or morning walk,Stock,"में योग, आयुर्वेद, Naturopathy, पंचकर्म, Acupuncture और"
mehkar buldhana_1080p.mp4,5,00:27,27.00,1.8,B026,Ayurveda practitioner and herbs,Stock,preventive healthcare के माध्यम से गंभीर स्वास्थ्य
mehkar buldhana_1080p.mp4,6,00:33,33.00,1.8,B059,Authentic Panchakarma procedure,Original,उपलब्ध है। यहां उपचार की फीस मात्र
mehkar buldhana_1080p.mp4,7,00:39,39.00,1.8,B060,Acupuncture session,Stock,"साथ खाना-पीना, रहना, diagnostics, therapies और आयुर्वेदिक"
mehkar buldhana_1080p.mp4,8,00:45,45.00,1.8,B034,Verified fee or insurance graphic,Original,जैसी सुविधाएं भी शामिल हैं और यहां
mehkar buldhana_1080p.mp4,9,00:51,51.00,1.8,B062,Patient room and meal,Stock,के लिए यहां आते हैं तो आपकी
mehkar buldhana_1080p.mp4,10,00:57,57.00,1.8,B063,Lab technician and diagnostics,Stock,स्वास्थ्य समस्या के अनुसार क्या-क्या किया जाएगा
mehkar buldhana_1080p.mp4,11,01:03,63.00,1.8,B064,Hospital admission desk,Stock,जाएगी। यदि किसी patient को बताए गए
mehkar buldhana_1080p.mp4,12,01:09,69.00,1.8,B007,Doctor and patient consultation,Stock,दिए जाएंगे। यहां सिर्फ बीमारियों के उपचार
mehkar buldhana_1080p.mp4,13,01:15,75.00,1.8,B020,Preventive check-up,Stock,सिखाए जाएंगे ताकि आप अपने स्वास्थ्य को
mehkar buldhana_1080p.mp4,14,01:21,81.00,1.8,B016,Family wellness scene,Stock,सकें। हमारा उद्देश्य है कि आम जनता
mehkar buldhana_1080p.mp4,15,01:27,87.00,1.8,B033,Generic hospital interior,Stock,से उपलब्ध हो सकें। अगर आप या
mehkar buldhana_1080p.mp4,16,01:33,93.00,1.8,B057,Actual Mehkar HIMS exterior,Original,समस्याओं से परेशान है तो आज ही
mehkar buldhana_1080p.mp4,17,01:39,99.00,1.8,B009,Clinic reception or phone booking,Stock,"Hospital मेहकर, बुलढाना, महाराष्ट्र या screen पर"
"Mehkar,Buldhana_1080p.mp4",1,00:03,3.00,1.8,B030,Kidney and liver anatomy visual,Stock,"Kidney failure, Liver failure, High blood pressure,"
"Mehkar,Buldhana_1080p.mp4",2,00:09,9.00,1.8,B057,Actual Mehkar HIMS exterior,Original,से परेशान हैं तो आम जनता के
"Mehkar,Buldhana_1080p.mp4",3,00:15,15.00,1.8,B018,Yoga or morning walk,Stock,"जीना सीखो, Hims Hospital शुरू किया है।"
"Mehkar,Buldhana_1080p.mp4",4,00:21,21.00,1.8,B059,Authentic Panchakarma procedure,Original,"आयुर्वेद, Naturopathy, पंचकर्म, Acupuncture और preventive healthcare"
"Mehkar,Buldhana_1080p.mp4",5,00:27,27.00,1.8,B060,Acupuncture session,Stock,स्वास्थ्य समस्याओं के लिए उपचार एवं परामर्श
"Mehkar,Buldhana_1080p.mp4",6,00:33,33.00,1.8,B034,Verified fee or insurance graphic,Original,"फीस मात्र ₹4000 रखी गई है, जिसमें"
"Mehkar,Buldhana_1080p.mp4",7,00:39,39.00,1.8,B062,Patient room and meal,Stock,"खाना-पीना, रहना, diagnostics, therapies और आयुर्वेदिक काढ़े"
"Mehkar,Buldhana_1080p.mp4",8,00:45,45.00,1.8,B057,Actual Mehkar HIMS exterior,Original,ये सुविधाएं आम जनता की स्वास्थ्य समस्याओं
"Mehkar,Buldhana_1080p.mp4",9,00:51,51.00,1.8,B016,Family wellness scene,Stock,इसमें हमारा कोई profit नहीं है। हमारा
"Mehkar,Buldhana_1080p.mp4",10,00:57,57.00,1.8,B007,Doctor and patient consultation,Stock,इन स्वास्थ्य सेवाओं का कम खर्च में
"Mehkar,Buldhana_1080p.mp4",11,01:03,63.00,1.8,B020,Preventive check-up,Stock,ही नहीं बल्कि बीमारियों से बचाव के
"Mehkar,Buldhana_1080p.mp4",12,01:09,69.00,1.8,B018,Yoga or morning walk,Stock,बेहतर तरीके से समझ सकें और उसका
"Mehkar,Buldhana_1080p.mp4",13,01:15,75.00,1.8,B057,Actual Mehkar HIMS exterior,Original,कोई किसी गंभीर बीमारी या स्वास्थ्य समस्याओं
"Mehkar,Buldhana_1080p.mp4",14,01:21,81.00,1.8,B009,Clinic reception or phone booking,Stock,"जीना सीखो, Hims Hospital, मेहकर, बुलढाना, महाराष्ट्र"
"Mehkar,Buldhana_1080p.mp4",15,01:26,86.92,1.8,B057,Actual Mehkar HIMS exterior,Original,गए number पर संपर्क करें।
My Video_1080p.mp4,1,00:03,3.00,1.8,B065,Practitioner training classroom,Stock,और धन्यवाद कि आपने अपने career की
My Video_1080p.mp4,2,00:09,9.00,1.8,B028,Webinar on laptop,Stock,हिस्सा बनने की पहल की है। 24
My Video_1080p.mp4,3,00:15,15.00,1.8,B032,Real event schedule or flyer,Original,Healing Practitioner Program webinar से जुड़ने के
My Video_1080p.mp4,4,00:21,21.00,1.8,B028,Webinar on laptop,Stock,उन्हें ध्यान से देखें और दिए गए
My Video_1080p.mp4,5,00:27,27.00,1.8,B009,Clinic reception or phone booking,Stock,तो नीचे दिए गए number पर संपर्क
My Video_1080p.mp4,6,00:33,33.00,1.8,B065,Practitioner training classroom,Stock,जुलाई शाम 07:00 बजे। मुझे आप सभी
new 1_1080p.mp4,1,00:03,3.00,1.8,B077,Five-day challenge calendar,Stock,रहे हैं। हर दिन एक छोटा सा
new 1_1080p.mp4,2,00:09,9.00,1.8,B019,Health habit journal,Stock,"अपने शरीर, अपनी habits और अपनी lifestyle"
new 1_1080p.mp4,3,00:15,15.00,1.8,B019,Health habit journal,Stock,में आपको अपने बारे में ऐसी बातें
new 1_1080p.mp4,4,00:21,21.00,1.8,B077,Five-day challenge calendar,Stock,को सिर्फ सुनना नहीं समझना शुरू कर
new 1_1080p.mp4,5,00:27,27.00,1.8,B019,Health habit journal,Stock,सिर्फ ₹51 का commitment करना है। क्यों
new 1_1080p.mp4,6,00:33,33.00,1.8,B078,Verified challenge price card,Original,में सीखना चाहता है। कोई बड़ी कीमत
new 1_1080p.mp4,7,00:39,39.00,1.8,B019,Health habit journal,Stock,"है। हां, मैं अपनी health के लिए"
new 1_1080p.mp4,8,00:45,45.00,1.8,B016,Family wellness scene,Stock,and wellness की अपनी समझ को आगे
new 1_1080p.mp4,9,00:51,51.00,1.8,B077,Five-day challenge calendar,Stock,"शुरुआत छोटी रखिए, लेकिन शुरुआत आज कीजिए।"
new_1080p.mp4,1,00:03,3.00,1.8,B024,Generic lab report,Stock,नहीं पूछना चाहता। बस एक छोटा सा
new_1080p.mp4,2,00:09,9.00,1.8,B031,Blood pressure or glucose check,Stock,"जब किसी की report खराब आती है,"
new_1080p.mp4,3,00:15,15.00,1.8,B022,Restful sleep,Stock,के शरीर में रोज़ दर्द रहने लगता
new_1080p.mp4,4,00:21,21.00,1.8,B019,Health habit journal,Stock,"बिगड़ने लगती है, तब हम कहते हैं"
new_1080p.mp4,5,00:27,27.00,1.8,B016,Family wellness scene,Stock,करते हैं? हम अपने घर की गाड़ी
new_1080p.mp4,6,00:33,33.00,1.8,B066,Car mechanic servicing engine,Stock,कराते हैं। mobile में storage full होने
new_1080p.mp4,7,00:39,39.00,1.8,B067,Air-conditioner servicing,Stock,signals को हम उन्हें महीनों ignore करते
new_1080p.mp4,8,00:45,45.00,1.8,B021,Nutritious Indian meal,Stock,गई? असल में शरीर अचानक खराब नहीं
new_1080p.mp4,9,00:51,51.00,1.8,B022,Restful sleep,Stock,रहती हैं। खाना कैसा है? दिनचर्या कैसी
new_1080p.mp4,10,00:57,57.00,1.8,B023,Work stress,Stock,हम समझते कितने हैं? यही वजह है
new_1080p.mp4,11,01:03,63.00,1.8,B065,Practitioner training classroom,Stock,को समझना सीखना होगा। इसी सोच के
new_1080p.mp4,12,01:09,69.00,1.8,B018,Yoga or morning walk,Stock,"जहां आयुर्वेद, योग, naturopathy, nutrition और दूसरी"
new_1080p.mp4,13,01:15,75.00,1.8,B077,Five-day challenge calendar,Stock,को structured तरीके से समझने का अवसर
new_1080p.mp4,14,01:21,81.00,1.8,B019,Health habit journal,Stock,"से पहले, पहले पाँच दिन खुद को"
new_1080p.mp4,15,01:27,87.00,1.8,B020,Preventive check-up,Stock,"एक छोटा सा experiment, कोई भारी routine"
Panchakarma_1080p.mp4,1,00:03,3.00,1.8,B024,Generic lab report,Stock,सबसे बड़ी गलतफहमी क्या है? उन्हें लगता
Panchakarma_1080p.mp4,2,00:09,9.00,1.8,B063,Lab technician and diagnostics,Stock,"लिए, lab report normal आ गई तो"
Panchakarma_1080p.mp4,3,00:15,15.00,1.8,B066,Car mechanic servicing engine,Stock,करवा लेना ही servicing है? बिल्कुल नहीं।
Panchakarma_1080p.mp4,4,00:21,21.00,1.8,B066,Car mechanic servicing engine,Stock,नहीं। 5000 किलोमीटर गाड़ी चलते ही आप
Panchakarma_1080p.mp4,5,00:27,27.00,1.8,B024,Generic lab report,Stock,"साफ, tuning, washing सब time। अ, गाड़ी"
Panchakarma_1080p.mp4,6,00:33,33.00,1.8,B069,Junk food and sugary snacks,Stock,"शरीर में 24 घंटे junk food, जहरीले"
Panchakarma_1080p.mp4,7,00:39,39.00,1.8,B070,Urban air pollution,Stock,तो अंदर का engine block होगा या
Panchakarma_1080p.mp4,8,00:45,45.00,1.8,B066,Car mechanic servicing engine,Stock,दोबारा नहीं मिलेगा। Servicing का असली मतलब
Panchakarma_1080p.mp4,9,00:51,51.00,1.8,B026,Ayurveda practitioner and herbs,Stock,detox करना और सारा जमा कचरा बाहर
Panchakarma_1080p.mp4,10,00:57,57.00,1.8,B020,Preventive check-up,Stock,ही अपने शरीर की servicing भी हर
Panchakarma_1080p.mp4,11,01:03,63.00,1.8,B071,Ayurveda classical text,Stock,साल पहले चरक संहिता में आर्ष चरक
Panchakarma_1080p.mp4,12,01:09,69.00,1.8,B059,Authentic Panchakarma procedure,Original,"विरेचन, बस्ती, नस्य और रक्तमोक्षण। पंचकर्म कोई"
Panchakarma_1080p.mp4,13,01:15,75.00,1.8,B059,Authentic Panchakarma procedure,Original,"सफाई है। यह fatty liver, acidity, diabetes,"
Panchakarma_1080p.mp4,14,01:21,81.00,1.8,B030,Kidney and liver anatomy visual,Stock,जैसी बीमारियों को जड़ से control करता
Panchakarma_1080p.mp4,15,01:27,87.00,1.8,B058,Therapy room,Stock,"है जिससे kidney, heart disease और यहां"
Panchakarma_1080p.mp4,16,01:33,93.00,1.8,B033,Generic hospital interior,Stock,भी बचाव होता है। hospital के चक्कर
Panchakarma_1080p.mp4,17,01:39,99.00,1.8,B020,Preventive check-up,Stock,ही अपने शरीर को detox करके बीमारियों
Panchakarma_1080p.mp4,18,01:45,105.00,1.8,B020,Preventive check-up,Stock,पंचकर्म से कोई नुकसान नहीं होने वाला।
Panchakarma_1080p.mp4,19,01:51,111.00,1.8,B007,Doctor and patient consultation,Stock,तो किसी बड़ी बीमारी के आने का
Panchakarma_1080p.mp4,20,01:57,117.00,1.8,B016,Family wellness scene,Stock,फिक्र कीजिए। हमारे पूरे भारत में 120
Panchakarma_1080p.mp4,21,02:03,123.00,1.8,B009,Clinic reception or phone booking,Stock,ही अपने शरीर की servicing करवाएं। screen
Panchakarma_1080p.mp4,22,02:08,128.52,1.8,B033,Generic hospital interior,Stock,पंचकर्म center पर अपना session book करें।
Research Paper Part 1_1080p.mp4,1,00:03,3.00,1.8,B030,Kidney and liver anatomy visual,Stock,modification के माध्यम से chronic kidney disease
Research Paper Part 1_1080p.mp4,2,00:09,9.00,1.8,B025,Clinical research team,Stock,में improvement देखा जा सकता है? इसी
Research Paper Part 1_1080p.mp4,3,00:15,15.00,1.8,B072,Exact published CKD case paper,Original,जीना सीखो लाइफकेयर लिमिटेड और इसके healthcare
Research Paper Part 1_1080p.mp4,4,00:21,21.00,1.8,B072,Exact published CKD case paper,Original,रहा है। आज मैं आपको हमारी एक
Research Paper Part 1_1080p.mp4,5,00:27,27.00,1.8,B025,Clinical research team,Stock,title है Clinical Evaluation of Chronic Kidney
Research Paper Part 1_1080p.mp4,6,00:33,33.00,1.8,B072,Exact published CKD case paper,Original,Lifestyle Modification and Ayurveda. यह paper International
Research Paper Part 1_1080p.mp4,7,00:39,39.00,1.8,B025,Clinical research team,Stock,October 2024 में publish हुआ है। इस
Research Paper Part 1_1080p.mp4,8,00:45,45.00,1.8,B027,Care team discussing case,Stock,"के doctors, Dr. गीतिका चौधरी, Dr. सुयश"
Research Paper Part 1_1080p.mp4,9,00:51,51.00,1.8,B073,Older patient walking,Stock,और Dr. ऋचा co-authors हैं। इस research
Research Paper Part 1_1080p.mp4,10,00:57,57.00,1.8,B075,Clinical documentation,Stock,case को document किया गया। patient को
Research Paper Part 1_1080p.mp4,11,01:03,63.00,1.8,B073,Older patient walking,Stock,"से hypertension था। जब patient जीना सीखो,"
Research Paper Part 1_1080p.mp4,12,01:09,69.00,1.8,B029,Knee and back discomfort,Stock,"pedal edema, घुटनों में joint pain और"
Research Paper Part 1_1080p.mp4,13,01:15,75.00,1.8,B031,Blood pressure or glucose check,Stock,"ache, weakness, fatigue, constipation और disturbed sleep"
Research Paper Part 1_1080p.mp4,14,01:21,81.00,1.8,B063,Lab technician and diagnostics,Stock,के समय उसका blood pressure 162/100 mm
Research Paper Part 1_1080p.mp4,15,01:27,87.00,1.8,B024,Generic lab report,Stock,"creatinine 2.27 mg/dl, urea 53.4 mg/dl, serum"
Research Paper Part 1_1080p.mp4,16,01:33,93.00,1.8,B024,Generic lab report,Stock,"53.4 mg/dl, serum uric acid 9.58 mg/dl"
Research Paper Part 1_1080p.mp4,17,01:39,99.00,1.8,B076,Verified case data chart,Original,reported GFR 28 ml/min/1.73 m2 था। अब
Research Paper Part 1_1080p.mp4,18,01:45,105.00,1.8,B074,Diet planning consultation,Stock,m2 था। अब सवाल था treatment approach
Research Paper Part 1_1080p.mp4,19,01:51,111.00,1.8,B021,Nutritious Indian meal,Stock,"किया गया। एक comprehensive approach अपनाई गई,"
Research Paper Part 1_1080p.mp4,20,01:57,117.00,1.8,B019,Health habit journal,Stock,"lifestyle changes, पंचकर्म procedures और आयुर्वेदिक medicines"
Research Paper Part 1_1080p.mp4,21,02:03,123.00,1.8,B018,Yoga or morning walk,Stock,लिए specific dietary restrictions और structured meal
Research Paper Part 1_1080p.mp4,22,02:09,129.00,1.8,B022,Restful sleep,Stock,"में योग, meditation, walking, proper sleep और"
Research Paper Part 1_1080p.mp4,23,02:15,135.00,1.8,B075,Clinical documentation,Stock,"दी गई। पंचकर्म protocol में स्नेहन, अवगास्वेदन,"
Research Paper Part 1_1080p.mp4,24,02:21,141.00,1.8,B076,Verified case data chart,Original,शिरोध्यंग शामिल थे। अब आते हैं सबसे
Research Paper Part 2_1080p.mp4,1,00:03,3.00,1.8,B031,Blood pressure or glucose check,Stock,pressure 162/100 से घटकर 130/70 millimetre of
Research Paper Part 2_1080p.mp4,2,00:09,9.00,1.8,B076,Verified case data chart,Original,का score दो से घटकर शून्य हो
Research Paper Part 2_1080p.mp4,3,00:15,15.00,1.8,B029,Knee and back discomfort,Stock,हो गया। दोनों घुटनों के joint pain
Research Paper Part 2_1080p.mp4,4,00:21,21.00,1.8,B076,Verified case data chart,Original,Urine करते समय burning का score 10
Research Paper Part 2_1080p.mp4,5,00:27,27.00,1.8,B072,Exact published CKD case paper,Original,से चार से घटकर शून्य हो गया।
Research Paper Part 2_1080p.mp4,6,00:33,33.00,1.8,B073,Older patient walking,Stock,और quality of sleep का score 10
Research Paper Part 2_1080p.mp4,7,00:39,39.00,1.8,B022,Restful sleep,Stock,सिर्फ symptoms ही नहीं देखे गए। Patient
Research Paper Part 2_1080p.mp4,8,00:45,45.00,1.8,B063,Lab technician and diagnostics,Stock,document किया गया। Urea 53.40 milligram प्रति
Research Paper Part 2_1080p.mp4,9,00:51,51.00,1.8,B024,Generic lab report,Stock,घटकर 44.75 milligram प्रति deciliter हो गया।
Research Paper Part 2_1080p.mp4,10,00:57,57.00,1.8,B076,Verified case data chart,Original,2.27 milligram प्रति deciliter से घटकर 2.14
Research Paper Part 2_1080p.mp4,11,01:03,63.00,1.8,B063,Lab technician and diagnostics,Stock,हो गया और serum uric acid 9.58
Research Paper Part 2_1080p.mp4,12,01:09,69.00,1.8,B024,Generic lab report,Stock,प्रति deciliter से घटकर 6.21 milligram प्रति
Research Paper Part 2_1080p.mp4,13,01:15,75.00,1.8,B075,Clinical documentation,Stock,observations admission से discharge के लगभग सात
Research Paper Part 2_1080p.mp4,14,01:21,81.00,1.8,B072,Exact published CKD case paper,Original,यहां एक बहुत important scientific बात समझना
Research Paper Part 2_1080p.mp4,15,01:27,87.00,1.8,B075,Clinical documentation,Stock,patient case report है। इसीलिए इस research
Research Paper Part 2_1080p.mp4,16,01:33,93.00,1.8,B072,Exact published CKD case paper,Original,CKD cure हो गई या यही result
Research Paper Part 2_1080p.mp4,17,01:39,99.00,1.8,B025,Clinical research team,Stock,particular patient में treatment के बाद देखे
Research Paper Part 2_1080p.mp4,18,01:45,105.00,1.8,B025,Clinical research team,Stock,paper के conclusion में भी authors ने
Research Paper Part 2_1080p.mp4,19,01:51,111.00,1.8,B027,Care team discussing case,Stock,यह समझने के लिए कि यह result
Research Paper Part 2_1080p.mp4,20,01:57,117.00,1.8,B075,Clinical documentation,Stock,मेरे लिए इस research की सबसे important
Research Paper Part 2_1080p.mp4,21,02:03,123.00,1.8,B075,Clinical documentation,Stock,"proper documentation, investigation और research के माध्यम"
Research Paper Part 2_1080p.mp4,22,02:09,129.00,1.8,B026,Ayurveda practitioner and herbs,Stock,जीना सीखो। HIMS के healthcare ecosystem में
Research Paper Part 2_1080p.mp4,23,02:15,135.00,1.8,B074,Diet planning consultation,Stock,"आयुर्वेद, पंचकर्म, diet और lifestyle based approaches"
Research Paper Part 2_1080p.mp4,24,02:21,141.00,1.8,B059,Authentic Panchakarma procedure,Original,साथ-साथ systematic research और documentation के माध्यम
Research Paper Part 2_1080p.mp4,25,02:27,147.00,1.8,B025,Clinical research team,Stock,की journey और उसके documented changes को
Research Paper Part 2_1080p.mp4,26,02:33,153.00,1.8,B072,Exact published CKD case paper,Original,रहेगा। Clinical experiences को research में document
Research Paper Part 2_1080p.mp4,27,02:39,159.00,1.8,B075,Clinical documentation,Stock,की दिशा में काम करना। धन्यवाद
