asset_id,clip_type,search_or_supply,source,placements,videos_reusing
B001,Optometrist eye test,optometrist eye test patient,Stock,1,Akshi Tarpan_1080p.mp4
B002,Eyes tired from screen use,person laptop eye strain close up,Stock,1,Akshi Tarpan_1080p.mp4
B003,Dry or red eye close-up,dry eye red eye close up,Stock,1,Akshi Tarpan_1080p.mp4
B004,Eye diagnostic equipment,slit lamp eye examination clinic,Stock,1,Akshi Tarpan_1080p.mp4
B005,Actual Akshi Tarpan procedure,your own Akshi Tarpan treatment footage,Original,3,Akshi Tarpan_1080p.mp4
B006,Ayurvedic oils and herbs,ayurvedic oil herbs treatment setup,Stock,1,Akshi Tarpan_1080p.mp4
B007,Doctor and patient consultation,doctor patient consultation clinic India,Stock,6,"Akshi Tarpan_1080p.mp4; Avatar Video_1080p (8).mp4; mehkar buldhana_1080p.mp4; Mehkar,Buldhana_1080p.mp4; Panchakarma_1080p.mp4"
B008,Arun Sharma testimonial segment,original authorized Arun Sharma testimonial video,Original,2,Akshi Tarpan_1080p.mp4
B009,Clinic reception or phone booking,clinic reception appointment phone call,Stock,9,"Akshi Tarpan_1080p.mp4; Avatar Video_1080p (9).mp4; mehkar buldhana_1080p.mp4; Mehkar,Buldhana_1080p.mp4; My Video_1080p.mp4; Panchakarma_1080p.mp4"
B010,Couple planning pregnancy,Indian couple discussing pregnancy planning,Stock,3,Avatar Video_1080p (4).mp4; Dr maa  Dr Paa _1080p.mp4; horizontal example.mp4
B011,Woman wellness routine,woman healthy routine nutrition exercise India,Stock,3,Avatar Video_1080p (4).mp4; Dr maa  Dr Paa _1080p.mp4; horizontal example.mp4
B012,Man wellness routine,man healthy exercise routine India,Stock,3,Avatar Video_1080p (4).mp4; Dr maa  Dr Paa _1080p.mp4; horizontal example.mp4
B013,Dr. Maa kit packshot,actual Dr Maa kit packaging and product footage,Original,6,Avatar Video_1080p (4).mp4; Dr maa  Dr Paa _1080p.mp4; horizontal example.mp4
B014,Dr. Pa kit packshot,actual Dr Pa kit packaging and product footage,Original,6,Avatar Video_1080p (4).mp4; Dr maa  Dr Paa _1080p.mp4; horizontal example.mp4
B015,Three-month calendar,calendar pages three months planning,Stock,3,Avatar Video_1080p (4).mp4; Dr maa  Dr Paa _1080p.mp4; horizontal example.mp4
B016,Family wellness scene,Indian family walking together outdoors,Stock,13,"Avatar Video_1080p (4).mp4; Avatar Video_1080p (6).mp4; Avatar Video_1080p (7).mp4; Ayurveda Day_1080p.mp4; Dr maa  Dr Paa _1080p.mp4; horizontal example.mp4; mehkar buldhana_1080p.mp4; Mehkar,Buldhana_1080p.mp4; new 1_1080p.mp4; new_1080p.mp4; Panchakarma_1080p.mp4"
B017,Group meditation camp,group meditation retreat India,Stock,1,Avatar Video_1080p (5).mp4
B018,Yoga or morning walk,gentle yoga morning walk India,Stock,5,"mehkar buldhana_1080p.mp4; Mehkar,Buldhana_1080p.mp4; new_1080p.mp4; Research Paper Part 1_1080p.mp4"
B019,Health habit journal,person writing health habits journal,Stock,10,Avatar Video_1080p (5).mp4; Ayurveda Day_1080p.mp4; bagula_1080p (1).mp4; new 1_1080p.mp4; new_1080p.mp4; Research Paper Part 1_1080p.mp4
B020,Preventive check-up,routine health check doctor patient,Stock,12,"Avatar Video_1080p (6).mp4; Avatar Video_1080p (7).mp4; Ayurveda Day_1080p.mp4; mehkar buldhana_1080p.mp4; Mehkar,Buldhana_1080p.mp4; new_1080p.mp4; Panchakarma_1080p.mp4"
B021,Nutritious Indian meal,healthy Indian meal preparation vegetables,Stock,6,Avatar Video_1080p (6).mp4; Avatar Video_1080p (7).mp4; Avatar Video_1080p (8).mp4; Ayurveda Day_1080p.mp4; new_1080p.mp4; Research Paper Part 1_1080p.mp4
B022,Restful sleep,person sleeping peacefully night,Stock,7,Avatar Video_1080p (6).mp4; Avatar Video_1080p (7).mp4; Ayurveda Day_1080p.mp4; new_1080p.mp4; Research Paper Part 1_1080p.mp4; Research Paper Part 2_1080p.mp4
B023,Work stress,person stressed at desk office,Stock,4,Avatar Video_1080p (6).mp4; Avatar Video_1080p (7).mp4; Ayurveda Day_1080p.mp4; new_1080p.mp4
B024,Generic lab report,hands looking at medical report unreadable text,Stock,10,Avatar Video_1080p (6).mp4; Avatar Video_1080p (7).mp4; Ayurveda Day_1080p.mp4; new_1080p.mp4; Panchakarma_1080p.mp4; Research Paper Part 1_1080p.mp4; Research Paper Part 2_1080p.mp4
B025,Clinical research team,medical researchers in lab discussing data,Stock,15,Avatar Video_1080p (6).mp4; Avatar Video_1080p (7).mp4; Ayurveda Day_1080p.mp4; Research Paper Part 1_1080p.mp4; Research Paper Part 2_1080p.mp4
B026,Ayurveda practitioner and herbs,ayurveda practitioner herbs clinic India,Stock,10,Avatar Video_1080p (6).mp4; Avatar Video_1080p (7).mp4; Avatar Video_1080p (8).mp4; Ayurveda Day_1080p.mp4; mehkar buldhana_1080p.mp4; Panchakarma_1080p.mp4; Research Paper Part 2_1080p.mp4
B027,Care team discussing case,multidisciplinary healthcare team discussion,Stock,6,Avatar Video_1080p (6).mp4; Avatar Video_1080p (7).mp4; Avatar Video_1080p (9).mp4; Ayurveda Day_1080p.mp4; Research Paper Part 1_1080p.mp4; Research Paper Part 2_1080p.mp4
B028,Webinar on laptop,doctor online webinar on laptop screen generic,Stock,8,Avatar Video_1080p (8).mp4; Avatar Video_1080p (9).mp4; My Video_1080p.mp4
B029,Knee and back discomfort,older person knee pain back pain,Stock,3,Avatar Video_1080p (9).mp4; Research Paper Part 1_1080p.mp4; Research Paper Part 2_1080p.mp4
B030,Kidney and liver anatomy visual,generic kidney liver anatomy animation no diagnosis,Stock,6,"Avatar Video_1080p (9).mp4; mehkar buldhana_1080p.mp4; Mehkar,Buldhana_1080p.mp4; Panchakarma_1080p.mp4; Research Paper Part 1_1080p.mp4"
B031,Blood pressure or glucose check,blood pressure cuff glucose check clinic,Stock,4,Avatar Video_1080p (9).mp4; new_1080p.mp4; Research Paper Part 1_1080p.mp4; Research Paper Part 2_1080p.mp4
B032,Real event schedule or flyer,your verified event dates locations and webinar flyer,Original,5,Avatar Video_1080p (9).mp4; My Video_1080p.mp4
B033,Generic hospital interior,hospital corridor treatment consultation India,Stock,11,Akshi Tarpan_1080p.mp4; Avatar Video_1080p (6).mp4; Avatar Video_1080p (7).mp4; Avatar Video_1080p (9).mp4; Ayurveda Day_1080p.mp4; mehkar buldhana_1080p.mp4; Panchakarma_1080p.mp4
B034,Verified fee or insurance graphic,your verified current fees insurance eligibility graphic,Original,4,"Avatar Video_1080p (9).mp4; mehkar buldhana_1080p.mp4; Mehkar,Buldhana_1080p.mp4"
B035,Original S. K. Sarin TV segment,authorized original Zee News S K Sarin excerpt,Original,2,Avatar Video_1080p (8).mp4
B036,Heron hunting at a river,wild heron hunting fish river India,Stock,2,bagula_1080p (1).mp4; Bagula_1080p.mp4
B037,Fish swimming in river,fish swimming clear river underwater,Stock,4,bagula_1080p (1).mp4; Bagula_1080p.mp4
B038,Fisherman with net,older fisherman casting net river India,Stock,1,bagula_1080p (1).mp4
B039,Heron waiting on river rock,heron standing on river rock waiting,Stock,7,bagula_1080p (1).mp4; Bagula_1080p.mp4
B040,Cold or quiet river,winter river mist cold dawn,Stock,4,bagula_1080p (1).mp4; Bagula_1080p.mp4
B041,Food handed to someone,hands giving food to another person,Stock,7,bagula_1080p (1).mp4; Bagula_1080p.mp4
B042,Endless short video scrolling,person scrolling short videos phone,Stock,3,bagula_1080p (1).mp4; Bagula_1080p.mp4
B043,Focused book reading,person reading book focused close up,Stock,3,bagula_1080p (1).mp4; Bagula_1080p.mp4
B044,Self-reliant effort,person working hard independently determination,Stock,10,bagula_1080p (1).mp4; Bagula_1080p.mp4; jungle_1080p.mp4; Kisan_1080p.mp4
B045,Dense forest canopy,dense Indian forest canopy cinematic,Stock,5,jungle_1080p.mp4
B046,Lion walking or roaring,lion roaming roaring wildlife,Stock,7,jungle_1080p.mp4
B047,Small bird flying,small bird flying forest close up,Stock,4,jungle_1080p.mp4
B048,Monkey in forest,monkey jumping trees forest,Stock,3,jungle_1080p.mp4; Kisan_1080p.mp4
B049,Deer running,deer running through forest,Stock,1,jungle_1080p.mp4
B050,Forest storm,strong wind rain lightning forest storm,Stock,2,jungle_1080p.mp4
B051,Fallen branch and rocks,fallen tree branch rocks storm forest,Stock,2,jungle_1080p.mp4
B052,Cooperation and help,people helping each other teamwork,Stock,5,bagula_1080p (1).mp4; jungle_1080p.mp4
B053,Farmer in field,Indian farmer working field village,Stock,1,Kisan_1080p.mp4
B054,Carrot and dug soil,farmland soil holes carrots close up,Stock,2,Kisan_1080p.mp4
B055,Rabbit hopping or digging,rabbit hopping digging soil,Stock,3,Kisan_1080p.mp4
B056,Carrot pulled from soil,pulling carrot from soil close up,Stock,2,Kisan_1080p.mp4
B057,Actual Mehkar HIMS exterior,your actual Mehkar Buldhana HIMS hospital footage,Original,6,"mehkar buldhana_1080p.mp4; Mehkar,Buldhana_1080p.mp4"
B058,Therapy room,clean therapy room clinic India,Stock,1,Panchakarma_1080p.mp4
B059,Authentic Panchakarma procedure,your authentic Panchakarma treatment footage,Original,7,"Avatar Video_1080p (9).mp4; mehkar buldhana_1080p.mp4; Mehkar,Buldhana_1080p.mp4; Panchakarma_1080p.mp4; Research Paper Part 2_1080p.mp4"
B060,Acupuncture session,qualified practitioner acupuncture treatment,Stock,3,"Avatar Video_1080p (9).mp4; mehkar buldhana_1080p.mp4; Mehkar,Buldhana_1080p.mp4"
B062,Patient room and meal,hospital patient room healthy meal,Stock,2,"mehkar buldhana_1080p.mp4; Mehkar,Buldhana_1080p.mp4"
B063,Lab technician and diagnostics,lab technician blood sample diagnostics,Stock,5,mehkar buldhana_1080p.mp4; Panchakarma_1080p.mp4; Research Paper Part 1_1080p.mp4; Research Paper Part 2_1080p.mp4
B064,Hospital admission desk,hospital registration reception desk,Stock,1,mehkar buldhana_1080p.mp4
B065,Practitioner training classroom,health practitioner training class webinar,Stock,3,My Video_1080p.mp4; new_1080p.mp4
B066,Car mechanic servicing engine,mechanic changing engine oil car service,Stock,4,new_1080p.mp4; Panchakarma_1080p.mp4
B067,Air-conditioner servicing,technician cleaning air conditioner filter,Stock,1,new_1080p.mp4
B069,Junk food and sugary snacks,fast food sugary snacks table,Stock,1,Panchakarma_1080p.mp4
B070,Urban air pollution,traffic pollution city India,Stock,1,Panchakarma_1080p.mp4
B071,Ayurveda classical text,old Ayurveda manuscript pages herbs,Stock,4,Avatar Video_1080p (6).mp4; Avatar Video_1080p (7).mp4; Ayurveda Day_1080p.mp4; Panchakarma_1080p.mp4
B072,Exact published CKD case paper,actual International Journal of AYUSH CKD paper PDF pages,Original,7,Research Paper Part 1_1080p.mp4; Research Paper Part 2_1080p.mp4
B073,Older patient walking,elderly Indian man walking with support,Stock,3,Research Paper Part 1_1080p.mp4; Research Paper Part 2_1080p.mp4
B074,Diet planning consultation,dietitian discussing meal plan with patient,Stock,2,Research Paper Part 1_1080p.mp4; Research Paper Part 2_1080p.mp4
B075,Clinical documentation,doctor writing clinical notes records,Stock,7,Research Paper Part 1_1080p.mp4; Research Paper Part 2_1080p.mp4
B076,Verified case data chart,chart made from exact paper values with source cited,Original,5,Research Paper Part 1_1080p.mp4; Research Paper Part 2_1080p.mp4
B077,Five-day challenge calendar,five day wellness habit challenge calendar,Stock,4,new 1_1080p.mp4; new_1080p.mp4
B078,Verified challenge price card,your current verified challenge offer and price graphic,Original,1,new 1_1080p.mp4
